cell_id,mean_QD,std_QD,mean_IR,mean_Tavg,mean_Tmax,mean_chargetime,raw_mean_chargetime,median_chargetime,early_fade_rate,mean_charge_current,peak_charge_current,high_current_fraction,cycle_life,charging_policy,known_collection_issue,author_quality_flag,delta_mean,delta_var,delta_logvar,delta_min,delta_max,delta_abs_area,structure_group,policy_C1,policy_switch_SOC_pct,policy_C2
0,1.070498301098901,0.0004890810392959083,0.015228889351648355,32.20608790756306,33.58057561048983,10.042506868131868,10.042506868131868,10.042394999999669,1.5158867654089067e-05,2.455746158719723,5.006003096903095,0.335108531515774,1009,5C(67%)-4C-newstructure,False,False,-0.01010217739369119,5.68702489890524e-05,-4.245114870317645,-0.02331165742747432,4.195191073483144e-05,0.01517845456592211,newstructure label,5.0,67.0,4.0
1,1.0677745901098903,0.0006439276857354674,0.014977933208791205,34.85069370345211,38.01941639228508,10.041386007325949,10.041386007325949,10.041276666666574,2.3035981844246977e-05,2.481329017683546,5.304188152847153,0.26092750171230467,1063,5.3C(54%)-4C-newstructure,False,False,-0.009621018929360837,5.181521321780508e-05,-4.28554271039912,-0.022324177554068236,-0.00015211554022655574,0.014443012732072403,newstructure label,5.3,54.0,4.0
2,1.0620831197802199,0.000744486528677434,0.014607483439560438,36.83768238936076,40.57642356099609,10.04364670329666,10.04364670329666,10.043696666666074,2.71501130753327e-05,2.521628814700941,5.606596312687312,0.4318080199792746,1267,5.6C(19%)-4.6C-newstructure,False,True,-0.0026131423354832516,1.6619555727408117e-05,-4.77938058992098,-0.008648038341613706,0.010524237005879011,0.005945505832823994,newstructure label,5.6,19.0,4.6
3,1.0646975626373627,0.0005751834222708306,0.01500278831868132,36.077997165743646,39.42741030025635,10.041500054945082,10.041500054945082,10.04134666666602,1.9698557095077602e-05,2.5116549680645845,5.610450725274722,0.16554810695047598,1115,5.6C(36%)-4.3C-newstructure,False,False,-0.010705414352713173,7.645259474220121e-05,-4.116607770381197,-0.026836614735112785,7.254636391688842e-05,0.01609455795896238,newstructure label,5.6,36.0,4.3
4,1.0746053164835165,0.00039972819578188963,0.01512416971428571,32.12557596502858,32.986251006637424,10.045643296703325,10.045643296703325,10.04589833333254,1.1781070234118693e-05,2.446028027202522,5.600461435564433,0.41402208478273306,1048,5.6C(19%)-4.6C-newstructure,False,False,-0.010106438868906728,6.630317519564988e-05,-4.178465673149821,-0.024810275761238065,-4.890704243583474e-05,0.015172486320835205,newstructure label,5.6,19.0,4.6
5,1.0531787692307693,0.0006341328990908799,0.015171881615384616,35.59140516360937,39.72348330869698,10.042010677655755,10.042010677655755,10.041995000000073,2.23792658066555e-05,2.5155217727339854,5.607846097902098,0.16767784922627163,828,5.6C(36%)-4.3C-newstructure,False,False,-0.011445765437692483,7.683799523990656e-05,-4.114423974726586,-0.025445098246365427,0.00021307872928851695,0.01728105142845896,newstructure label,5.6,36.0,4.3
6,1.0529569846153846,0.0053645684656088675,0.013746279076923077,34.115817620720705,37.01743090956861,10.082544725274769,10.082544725274769,10.079078333333019,0.0002030154196528091,2.544613365632562,5.901967151848149,0.22218772401885806,667,3.7C(31%)-5.9C-newstructure,False,False,-0.028517561100453778,0.00029805183986089944,-3.5257081929454923,-0.05320164659124538,0.00025720584764030684,0.04290121144416589,newstructure label,3.7,31.0,5.9
7,1.0702813296703297,0.0004918251198895157,0.015424254714285714,32.808879475206744,34.28913968958037,11.040780219780252,11.040780219780252,11.038683333333271,1.0694795349582499e-05,2.3137729167743775,4.367434514485512,0.4319522150517566,1836,4.8C(80%)-4.8C-newstructure,False,False,-0.007037779014879846,3.2453221357996856e-05,-4.488742187967907,-0.017059021835070354,0.00016612471977571507,0.010637990959671002,newstructure label,4.8,80.0,4.8
8,1.0681321461538462,0.00046133017684557717,0.015244694604395606,33.068549203584894,35.097737468481,10.043185439560489,10.043185439560489,10.043091666666442,1.3573261665881901e-05,2.4032650214628757,5.002670018981019,0.326642752351811,828,5C(67%)-4C-newstructure,False,False,-0.01180636842641505,8.094615840627263e-05,-4.091803757442373,-0.026848970612832312,3.896464001430355e-06,0.017724752531398498,newstructure label,5.0,67.0,4.0
9,1.0729908626373625,0.0002848554813500835,0.015794970285714287,33.09866042369786,35.115827682084735,10.04111170329672,10.04111170329672,10.041666666666666,8.854330307377462e-06,2.392078228029792,5.303055819180819,0.24883529464776397,1039,5.3C(54%)-4C-newstructure,False,False,-0.014478011810756069,0.00010416049784765705,-3.982296953008088,-0.0295752747869662,-0.00017198221252223697,0.021734897618897873,newstructure label,5.3,54.0,4.0
10,1.0644749285714286,0.00048320161315169006,0.015365414164835167,32.54399223428314,34.8049718788191,11.038963479853486,11.038963479853486,11.03801333333322,1.0829767478892968e-05,2.336955549350038,4.366672032967033,0.43849121958306825,1078,4.8C(80%)-4.8C-newstructure,False,False,-0.008335183582489896,3.878323894759447e-05,-4.4113559240265765,-0.019093025885229542,-6.962870536587714e-05,0.012512864934325301,newstructure label,4.8,80.0,4.8
11,1.0698716164835165,0.0007197069881036828,0.015521386307692309,34.21806492719247,37.644616364481685,10.042474047619098,10.042474047619098,10.042734999999327,2.6095773212296873e-05,2.399481385418257,5.60410918081918,0.4055806959036947,817,5.6C(19%)-4.6C-newstructure,False,False,-0.015620691175653463,0.00013034033579521087,-3.884921164468091,-0.034087374997818,0.0001621390525086798,0.023489432000141273,newstructure label,5.6,19.0,4.6
12,1.0764089472527474,0.00040589249051131606,0.016044263395604396,33.23519248947025,35.574348927373805,10.042464597069563,10.042464597069563,10.042371666666197,1.4032981366464831e-05,2.394797583259395,5.602920716283716,0.1551458190643567,932,5.6C(36%)-4.3C-newstructure,False,False,-0.01531489306361951,0.00011303424118898805,-3.9467899768101886,-0.03173492178819726,-0.00010094321934228439,0.022990700273739888,newstructure label,5.6,36.0,4.3
13,1.0688204197802196,0.0006895107064223441,0.015122703373626372,34.130941749387844,37.257621839520205,10.042348919413891,10.042348919413891,10.04222333333358,2.3632121356902277e-05,2.3843362960714596,5.603141741258741,0.40257104888064205,816,5.6C(19%)-4.6C-newstructure,False,False,-0.01176548019743392,8.045138308284513e-05,-4.094466485311571,-0.027646083960900736,-0.00013977091851407556,0.017663213236501656,newstructure label,5.6,19.0,4.6
14,1.0771955813186813,0.00038468013809804736,0.015546697032967037,33.13147973943754,35.51498902890774,10.041892417582439,10.041892417582439,10.0419783333331,7.178810320118528e-06,2.368750009420139,5.603655496503495,0.15341646432100897,858,5.6C(36%)-4.3C-newstructure,False,False,-0.013203557332650977,0.00010007654534836023,-3.999667694941731,-0.029282360362737236,8.776909781326705e-05,0.019838315736103007,newstructure label,5.6,36.0,4.3
15,1.0706127043956042,0.0005858602717205475,0.015300798483516483,33.52853845600545,36.84860843164023,10.041694835164904,10.041694835164904,10.041720000000593,1.9805564580352034e-05,2.391331132633031,5.9065250719280735,0.06222040493075904,876,5.9C(15%)-4.6C-newstructure,False,False,-0.013340330831580071,9.984253014088353e-05,-4.000684421929468,-0.02948434500233621,9.829510697057864e-05,0.020062733544952086,newstructure label,5.9,15.0,4.6
16,1.0635941010989012,0.0006256901395871405,0.015303965516483517,34.95522704674217,37.84986899726886,11.04023639194139,11.04023639194139,11.04018666666622,1.8832842809368667e-05,2.4089575648995605,4.365264329670327,0.4569294469667615,1638,4.8C(80%)-4.8C-newstructure,False,False,-0.0053233023549801,2.0206286224319144e-05,-4.694513499472995,-0.013451995639618852,0.0045702543034450704,0.008485339494636753,newstructure label,4.8,80.0,4.8
17,1.0669601131868132,0.0013982274957331422,0.01544088182417582,35.095867839816854,37.43470808452706,10.042097307692295,10.042097307692295,10.04246666666586,1.4394919573212771e-06,2.5220703269607996,5.306538439560438,0.26648503755067615,1315,5.3C(54%)-4C-newstructure,False,False,-0.007236216829825155,3.633180045384266e-05,-4.439713079764758,-0.017882391550413823,0.00671793865907247,0.011601390417868191,newstructure label,5.3,54.0,4.0
18,1.0688358879120878,0.0009626280387950832,0.015012516714285716,35.30985537838845,37.99532327372496,10.043114267399245,10.043114267399245,10.043173333333106,3.550209428253835e-05,2.505047125924252,5.602753339660339,0.42763387241322426,1146,5.6C(19%)-4.6C-newstructure,False,False,-0.010342257243667845,5.571190370898626e-05,-4.254052001185467,-0.02345576998165999,-9.146801283102697e-05,0.015525016267565885,newstructure label,5.6,19.0,4.6
19,1.0726756901098902,0.0009421201627835551,0.015460329428571428,35.11627590175709,37.90750564567227,10.043198241758194,10.043198241758194,10.043325000000186,3.5161089345432424e-05,2.4734135956760355,5.60210915184815,0.1625102862928799,1155,5.6C(36%)-4.3C-newstructure,False,False,-0.011545479663150093,6.73066732512085e-05,-4.171941874669042,-0.025293657704202555,5.381143367196202e-06,0.017331621030456046,newstructure label,5.6,36.0,4.3
20,1.0675296890109889,0.00045277597635783414,0.015258267032967034,33.11391708302053,35.760750013088355,10.043402454212483,10.043402454212483,10.043170000000584,1.5147082337950086e-05,2.4184997147521687,5.007863581418581,0.3288659784543439,813,5C(67%)-4C-newstructure,False,False,-0.011919383387319954,8.583320053473409e-05,-4.066344693269561,-0.028071993572476917,-2.8411211548175675e-05,0.01789433483441831,newstructure label,5.0,67.0,4.0
21,1.0614211648351646,0.004373894298102308,0.014105092043956045,34.92716014483845,37.930041643508495,10.080266025641029,10.080266025641029,10.076336666666611,0.00016548362478101757,2.5417578825397777,5.902308904095905,0.22110336509558348,772,3.7C(31%)-5.9C-newstructure,False,False,-0.02353870422305198,0.00019754830798491912,-3.704326685729231,-0.04327614857800555,5.415349908882445e-05,0.03533857028751136,newstructure label,3.7,31.0,5.9
22,1.0581935967032965,0.0006521453165345199,0.015677054527472527,34.63132729414493,37.551694195239676,10.042516941391874,10.042516941391874,10.042931666666602,2.356435101130567e-05,2.527778901071638,5.902844143856143,0.2658547392058394,1002,5.9C(60%)-3.1C-newstructure,False,False,-0.013722550516362942,8.977958692912617e-05,-4.046822397094466,-0.028409329718630083,-5.9000428325676763e-05,0.020599918827826302,newstructure label,5.9,60.0,3.1
24,1.0506127439560438,0.000308776931424182,0.015544138791208792,34.700446770400006,37.26471307820583,10.041816959706937,10.041816959706937,10.04187666666694,2.152476509052463e-07,2.489887071240099,5.005006898101897,0.34372718688149734,825,5C(67%)-4C-newstructure,False,False,-0.010345482795288033,6.994312062017459e-05,-4.155254994876533,-0.0247723986145858,-8.601278481263643e-05,0.015532180380045814,newstructure label,5.0,67.0,4.0
25,1.064983831868132,0.00035102017823579083,0.015638550835164834,35.59607204985471,38.92090922380145,10.042504725274737,10.042504725274737,10.042501666666551,2.9054260232542e-06,2.4367024600372695,5.302561975024976,0.2553163316276769,989,5.3C(54%)-4C-newstructure,False,False,-0.010925821646167616,7.135743905511085e-05,-4.1465607447332715,-0.026576249209760316,-9.83920753643615e-05,0.01640241838191782,newstructure label,5.3,54.0,4.0
26,1.0752355,0.00035741270356083246,0.01558993423076923,35.76291274854084,39.16431080920562,10.042283937728902,10.042283937728902,10.042310000000482,9.675868768908987e-06,2.4045971499410106,5.6044746423576415,0.4039072589989167,1028,5.6C(19%)-4.6C-newstructure,False,False,-0.01013959278346487,6.032434097872005e-05,-4.219507413901045,-0.02417913926788795,5.3156508515146174e-05,0.015235199802954326,newstructure label,5.6,19.0,4.6
27,1.0638216736263735,0.0004467149085478606,0.014913976747252746,35.324266419529465,38.4786412703192,10.045011721611743,10.045011721611743,10.044994999999956,1.3569039655993556e-05,2.446316454011364,5.601525783216786,0.1603858516521622,850,5.6C(36%)-4.3C-newstructure,False,False,-0.01070991087322853,7.41084430208619e-05,-4.130132310934438,-0.026600290807078597,0.00016253057717974684,0.016145104809615944,newstructure label,5.6,36.0,4.3
28,1.0438209593406593,0.005414313691708062,0.013441283329670331,35.72293765850798,39.566122209843854,10.091233113553178,10.091233113553178,10.085155000000183,0.0002047446169772257,2.5114852544136346,5.903551212787214,0.21996169025421533,541,3.7C(31%)-5.9C-newstructure,False,False,-0.03025611921470947,0.0003534614925326925,-3.451657893017001,-0.05783112055064066,3.0258096297149095e-05,0.0454185241324436,newstructure label,3.7,31.0,5.9
29,1.0706823153846154,0.00043573345316274013,0.0148153801978022,31.270035996854823,31.681090867679043,10.041987307692274,10.041987307692274,10.041539999999804,8.117663640711775e-06,2.369232249746565,5.904041139860139,0.06165890136745088,858,5.9C(15%)-4.6C-newstructure,False,False,-0.011300575148553208,8.638212824469724e-05,-4.0635761002012085,-0.028921475161164945,0.0002434664412601078,0.017080895989505948,newstructure label,5.9,15.0,4.6
30,1.0718096351648352,0.00037526796155802253,0.01556645408791209,32.251224165061636,33.96309272318298,10.043419908424884,10.043419908424884,10.043564999999944,1.2096585443539815e-05,2.406673933966248,5.3036518061938045,0.2505230173044034,935,5.3C(54%)-4C-newstructure,False,False,-0.011137570899382837,7.939158148811134e-05,-4.1002255467806545,-0.026737169755743473,6.694454111319092e-05,0.016744082941277858,newstructure label,5.3,54.0,4.0
31,1.070885821978022,0.0005506441022015792,0.0158726897032967,34.01108300144201,36.77937665931109,10.045659761904709,10.045659761904709,10.045905000000493,1.7997998088874838e-05,2.4051664842739506,5.900808173826173,0.2474906092362525,731,5.9C(60%)-3.1C-newstructure,False,False,-0.01635054856148944,0.00014467616046037193,-3.8396030254357147,-0.035619409739265695,8.180347755336339e-05,0.024557435907541197,newstructure label,5.9,60.0,3.1
33,1.062204853846154,0.0005656988239352372,0.015333166769230772,33.12068377442862,34.29304593262315,10.043273534798557,10.043273534798557,10.043294999999732,1.9696050326486636e-05,2.5165054130292988,5.005552917082916,0.34806300772289306,1284,5C(67%)-4C-newstructure,False,False,-0.00784867836178756,4.0188487978171294e-05,-4.395898333073689,-0.019885925647910252,0.00011027979071102575,0.01181928383971465,newstructure label,5.0,67.0,4.0
34,1.0632662000000002,0.0007869744361229876,0.015296991153846156,35.79776713861069,39.01722722500728,10.043507087912095,10.043507087912095,10.043936666666802,2.8922673992674157e-05,2.5238598708699147,5.302578392607392,0.2682015641737801,1158,5.3C(54%)-4C-newstructure,False,False,-0.00955200556777299,4.946983882423062e-05,-4.305659504591576,-0.02150989276991433,3.2994643437143575e-05,0.014342399591732606,newstructure label,5.3,54.0,4.0
35,1.0645070571428574,0.0007007666156341177,0.015369017175824177,35.55319918303348,38.563815675168215,10.04362437728935,10.04362437728935,10.043644999999863,2.5849850294633775e-05,2.5260531125951915,5.606520207792208,0.4343062690996784,1093,5.6C(19%)-4.6C-newstructure,False,False,-0.009826425701495065,5.822931890241742e-05,-4.234858289724564,-0.02302807515263361,9.043865599416001e-05,0.014768640827839099,newstructure label,5.6,19.0,4.6
36,1.0594015769230771,0.0008511785827867596,0.015127845087912088,35.895392837699205,39.414892824678624,10.043489890109916,10.043489890109916,10.04348499999954,3.125922599139969e-05,2.5426078078795706,5.604171177822177,0.16953346111083295,923,5.6C(36%)-4.3C-newstructure,False,False,-0.009908357469924613,5.5788165335225655e-05,-4.253457920681209,-0.022981813517992444,0.0001576289456491891,0.014939589034384481,newstructure label,5.6,36.0,4.3
37,1.0495570802197802,0.0019361995747810108,0.014704729593406594,35.01801023180783,37.831503043531505,11.038430769230729,11.038430769230729,11.038353333333605,1.1054983277594246e-05,2.434427082712905,4.372947108891109,0.46846805326763186,1390,4.8C(80%)-4.8C-newstructure,True,True,-0.001076797766325731,7.964236547168028e-06,-5.098855849397497,-0.008439822988718593,0.013240420704929368,0.0032671143874126105,newstructure label,4.8,80.0,4.8
38,1.0720267340659342,0.00041066029086495395,0.01582874486813187,34.76766970582287,37.76934088392071,10.043664212454173,10.043664212454173,10.043540000000212,1.4649939480811814e-05,2.5074753945873067,5.002902942057942,0.3448154833828423,1935,5C(67%)-4C-newstructure,False,False,-0.008693083372975452,4.5493249228224246e-05,-4.342053043792284,-0.020147005721674938,0.002919863667119077,0.013377990639102423,newstructure label,5.0,67.0,4.0
39,1.0507221032967033,0.0005887008905586609,0.015556197747252747,33.897654387505355,36.09066646701555,10.043042142857145,10.043042142857145,10.043549999999717,1.8707799012583198e-05,2.582112624121194,5.303473457542457,0.27763319276731513,1156,5.3C(54%)-4C-newstructure,False,False,-0.006428438589560583,3.510467231268054e-05,-4.454635076566319,-0.017457917694832736,0.005697707341902919,0.010163247306891377,newstructure label,5.3,54.0,4.0
40,1.063136730769231,0.0005901350325123,0.015379819956043957,34.080462713172146,37.56402713275497,10.043786648351642,10.043786648351642,10.043501666666513,2.0118948877210274e-05,2.42656795736758,5.604638200799203,0.412431706224131,796,5.6C(19%)-4.6C-newstructure,False,False,-0.009078861478925764,5.068643250322406e-05,-4.29510827493732,-0.022053794482172262,7.870441953502887e-05,0.013657551078030818,newstructure label,5.6,19.0,4.6
41,1.0545433,0.0002636533119247449,0.018295542824175826,33.654851088210236,36.65721354600144,10.043180164835102,10.043180164835102,10.043074999999954,-1.1853320592755757e-07,2.499417719571188,5.603500466533466,0.165141233851427,786,5.6C(36%)-4.3C-newstructure,False,False,-0.009748050525024678,6.0324069168316305e-05,-4.2195093707566445,-0.024192993699098664,2.005198008902913e-05,0.014637780463406105,newstructure label,5.6,36.0,4.3
42,1.0696212681318682,0.000268571224933029,0.016114627791208796,33.06488737559217,35.611333339810955,11.03845604395602,11.03845604395602,11.03828333333319,5.0989934703016336e-06,2.3232704156487265,4.367267864135863,0.43377316539051125,1642,4.8C(80%)-4.8C-newstructure,False,True,0.0007845194706261454,4.506146582054212e-05,-4.346194685061839,-0.005609789046358671,0.02170209846647253,0.006021268129342236,newstructure label,4.8,80.0,4.8
43,1.0729930351648351,0.00020319629172777708,0.015829450307692308,33.91226835365639,36.977022027000615,10.043630366300306,10.043630366300306,10.043624999999883,4.090297818127415e-06,2.415936073506619,5.012827708291707,0.32741327920339286,1046,5C(67%)-4C-newstructure,False,True,-0.003266056933426803,4.822275074444369e-05,-4.316748020025343,-0.01297639899175873,0.01636229106242293,0.009048487778422867,newstructure label,5.0,67.0,4.0
44,1.0734825934065935,0.00030460822079889224,0.01556615469230769,33.363634157603535,36.35874897390992,10.043224322344285,10.043224322344285,10.04342333333334,6.090893454373875e-06,2.400633145714514,5.303409055944056,0.24952451796036185,940,5.3C(54%)-4C-newstructure,False,False,-0.011231061096491921,7.387618796699746e-05,-4.131495522376496,-0.02598513188750473,-5.684970389612063e-05,0.01686102664609057,newstructure label,5.3,54.0,4.0
45,1.071540015384615,0.0003682617613489021,0.01561267565934066,32.7403094734237,34.700079574516664,11.038641739926762,11.038641739926762,11.038098333333618,5.629530179966145e-06,2.359886979868962,4.367856647352648,0.4428755182432938,1801,4.8C(80%)-4.8C-newstructure,False,False,-0.007131752461986142,3.0140413031955334e-05,-4.5208508005857535,-0.016477960740300612,-5.285843256575478e-05,0.010706287142372203,newstructure label,4.8,80.0,4.8
