cell_id,cycle_life,charging_policy,known_collection_issue,author_quality_flag
0,1009,5C(67%)-4C-newstructure,False,False
1,1063,5.3C(54%)-4C-newstructure,False,False
2,1267,5.6C(19%)-4.6C-newstructure,False,True
3,1115,5.6C(36%)-4.3C-newstructure,False,False
4,1048,5.6C(19%)-4.6C-newstructure,False,False
5,828,5.6C(36%)-4.3C-newstructure,False,False
6,667,3.7C(31%)-5.9C-newstructure,False,False
7,1836,4.8C(80%)-4.8C-newstructure,False,False
8,828,5C(67%)-4C-newstructure,False,False
9,1039,5.3C(54%)-4C-newstructure,False,False
10,1078,4.8C(80%)-4.8C-newstructure,False,False
11,817,5.6C(19%)-4.6C-newstructure,False,False
12,932,5.6C(36%)-4.3C-newstructure,False,False
13,816,5.6C(19%)-4.6C-newstructure,False,False
14,858,5.6C(36%)-4.3C-newstructure,False,False
15,876,5.9C(15%)-4.6C-newstructure,False,False
16,1638,4.8C(80%)-4.8C-newstructure,False,False
17,1315,5.3C(54%)-4C-newstructure,False,False
18,1146,5.6C(19%)-4.6C-newstructure,False,False
19,1155,5.6C(36%)-4.3C-newstructure,False,False
20,813,5C(67%)-4C-newstructure,False,False
21,772,3.7C(31%)-5.9C-newstructure,False,False
22,1002,5.9C(60%)-3.1C-newstructure,False,False
24,825,5C(67%)-4C-newstructure,False,False
25,989,5.3C(54%)-4C-newstructure,False,False
26,1028,5.6C(19%)-4.6C-newstructure,False,False
27,850,5.6C(36%)-4.3C-newstructure,False,False
28,541,3.7C(31%)-5.9C-newstructure,False,False
29,858,5.9C(15%)-4.6C-newstructure,False,False
30,935,5.3C(54%)-4C-newstructure,False,False
31,731,5.9C(60%)-3.1C-newstructure,False,False
33,1284,5C(67%)-4C-newstructure,False,False
34,1158,5.3C(54%)-4C-newstructure,False,False
35,1093,5.6C(19%)-4.6C-newstructure,False,False
36,923,5.6C(36%)-4.3C-newstructure,False,False
37,1390,4.8C(80%)-4.8C-newstructure,True,True
38,1935,5C(67%)-4C-newstructure,False,False
39,1156,5.3C(54%)-4C-newstructure,False,False
40,796,5.6C(19%)-4.6C-newstructure,False,False
41,786,5.6C(36%)-4.3C-newstructure,False,False
42,1642,4.8C(80%)-4.8C-newstructure,False,True
43,1046,5C(67%)-4C-newstructure,False,True
44,940,5.3C(54%)-4C-newstructure,False,False
45,1801,4.8C(80%)-4.8C-newstructure,False,False
