cell_id,time_gap_intervals,measured_early_cycles,charge_time_spikes,valid_IR
0,0,91,0.0,91.0
1,0,91,0.0,91.0
2,0,91,0.0,91.0
3,0,91,0.0,91.0
4,0,91,0.0,91.0
5,0,91,0.0,91.0
6,0,91,0.0,91.0
7,0,91,0.0,91.0
8,0,91,0.0,91.0
9,0,91,0.0,91.0
10,0,91,0.0,91.0
11,0,91,0.0,91.0
12,0,91,0.0,91.0
13,0,91,0.0,91.0
14,0,91,0.0,91.0
15,0,91,0.0,91.0
16,0,91,0.0,91.0
17,1,91,0.0,91.0
18,0,91,0.0,91.0
19,0,91,0.0,91.0
20,0,91,0.0,91.0
21,0,91,0.0,91.0
22,0,91,0.0,91.0
24,0,91,0.0,91.0
25,0,91,0.0,91.0
26,0,91,0.0,91.0
27,0,91,0.0,91.0
28,0,91,0.0,91.0
29,0,91,0.0,91.0
30,0,91,0.0,91.0
31,0,91,0.0,91.0
33,0,91,0.0,91.0
34,0,91,0.0,91.0
35,0,91,0.0,91.0
36,0,91,0.0,91.0
37,0,91,0.0,91.0
38,0,91,0.0,91.0
39,0,91,0.0,91.0
40,0,91,0.0,91.0
41,0,91,0.0,91.0
42,0,91,0.0,91.0
43,0,91,0.0,91.0
44,0,91,0.0,91.0
45,0,91,0.0,91.0
