feature,pearson,spearman,n,batch
delta_logvar,-0.886123103677486,-0.8711607269559923,46,1
delta_min,0.8816450170696563,0.8500061691261938,46,1
delta_abs_area,-0.8538252099635455,-0.8281115101478308,46,1
delta_mean,0.8538097844630058,0.8281115101478308,46,1
delta_var,-0.8378261389128987,-0.8711607269559923,46,1
mean_charge_current,-0.7722350752515651,-0.6875539670163117,46,1
mean_chargetime,0.7394914769671034,0.6229184667083556,46,1
peak_charge_current,-0.5801270593095693,-0.5151720744965242,46,1
early_fade_rate,-0.5240855976164315,-0.578018997028783,46,1
mean_Tavg,-0.48594614102190636,-0.3714691014836065,46,1
mean_Tmax,-0.40736497483146206,-0.3215122739555107,46,1
std_QD,-0.38877432842043264,-0.30547674906994904,46,1
high_current_fraction,0.3873163674385069,0.28789934679154494,46,1
delta_max,0.26391712769463627,0.194584926976719,46,1
mean_IR,0.23116404731157159,0.18884914307534503,46,1
mean_QD,0.2145837460023864,0.24065622347485183,46,1
mean_chargetime,-0.916371680064649,-0.7505820465622802,39,2
delta_logvar,-0.9018830736836407,-0.7089786451951734,39,2
delta_min,0.8185183255033297,0.6608968552940159,39,2
delta_mean,0.7670852072368176,0.6972365659772065,39,2
delta_abs_area,-0.7650189774774601,-0.6970341163355175,39,2
delta_var,-0.7327873034697585,-0.7089786451951734,39,2
mean_IR,-0.6169715543339009,-0.19587198196572558,33,2
delta_max,0.49811026479571063,0.4077335783618159,39,2
early_fade_rate,0.48442174648254643,0.27097884540083944,39,2
mean_Tavg,0.4306506512697123,0.17238586989825533,39,2
mean_QD,-0.33716748129731816,0.09535378123555874,39,2
std_QD,0.1842371387026755,-0.05800182234392267,39,2
peak_charge_current,-0.16067205697234302,-0.33556028109965735,39,2
mean_charge_current,-0.15476091126840694,-0.19091001211280656,39,2
high_current_fraction,0.03404520951218106,0.10689341081183654,39,2
mean_Tmax,0.01907504242222517,-0.12582245230976594,39,2
peak_charge_current,-0.707926343383847,-0.567129467896598,44,3
delta_logvar,-0.7018620670132869,-0.7972372984772358,44,3
delta_min,0.6921158515446069,0.7760236822430024,44,3
delta_mean,0.6391153658731697,0.7561491314853486,44,3
mean_chargetime,0.6370767355507304,0.2017760241814291,44,3
delta_abs_area,-0.6294693180887198,-0.7576996283529669,44,3
delta_var,-0.5896539701208949,-0.7972372984772358,44,3
high_current_fraction,0.5038213298860204,0.5235746013425906,44,3
delta_max,0.40769824739363475,0.25970822532607973,44,3
early_fade_rate,-0.360500289504889,-0.18415674159485654,44,3
std_QD,-0.3063401974437107,-0.03488617952141369,44,3
mean_QD,0.22228870094402758,0.1633659881427009,44,3
mean_IR,0.18751895231469407,0.16674889039932284,44,3
mean_charge_current,-0.17633569575864153,-0.01931073371488354,44,3
mean_Tmax,-0.10609506529494075,-0.03735287908353385,44,3
mean_Tavg,-0.021182977156624976,0.025371766924664505,44,3
