batch,feature,life_pearson,early_fade_pearson
1,mean_charge_current,-0.7722350752515649,0.5475736176093663
1,peak_charge_current,-0.5801270593095694,0.1572340687845219
1,high_current_fraction,0.38731636743850684,0.0653583518261287
1,policy_C1,-0.5797191371008248,0.15688810106559373
1,policy_C2,-0.09588674869190954,0.5044427719845817
1,policy_switch_SOC_pct,0.23455103060246418,0.13803507627512415
2,mean_charge_current,-0.1547609112684069,0.09694491799778607
2,peak_charge_current,-0.16067205697234252,0.3740912649316108
2,high_current_fraction,0.03404520951218102,-0.22187813889946364
2,policy_C1,0.19074658847387702,-0.10125356123737027
2,policy_C2,-0.11630518850837056,0.30774190796057094
2,policy_switch_SOC_pct,0.1161198784598481,-0.07210483456692629
3,mean_charge_current,-0.17633569575864116,0.39999686016130936
3,peak_charge_current,-0.7079263433838471,0.385736834761929
3,high_current_fraction,0.50382132988602,-0.1739293845305734
3,policy_C1,-0.08289859421256333,-0.7137171246209403
3,policy_C2,-0.042746376392716987,0.7095550787281268
3,policy_switch_SOC_pct,0.5413599075607183,-0.27197983457136093
