batch,feature,n,pearson,spearman
1,delta_mean,46,0.8538097844630061,0.8281115101478308
1,delta_var,46,-0.8378261389128986,-0.8711607269559923
1,delta_logvar,46,-0.8861231036774866,-0.8711607269559923
1,delta_min,46,0.8816450170696558,0.8500061691261938
1,delta_max,46,0.26391712769463643,0.194584926976719
1,delta_abs_area,46,-0.8538252099635459,-0.8281115101478308
2,delta_mean,39,0.7670852072368177,0.6972365659772065
2,delta_var,39,-0.7327873034697584,-0.7089786451951733
2,delta_logvar,39,-0.9018830736836406,-0.7089786451951733
2,delta_min,39,0.8185183255033298,0.6608968552940159
2,delta_max,39,0.4981102647957106,0.40773357836181595
2,delta_abs_area,39,-0.7650189774774602,-0.6970341163355174
3,delta_mean,44,0.6391153658731696,0.7561491314853485
3,delta_var,44,-0.5896539701208949,-0.7972372984772357
3,delta_logvar,44,-0.7018620670132867,-0.7972372984772357
3,delta_min,44,0.6921158515446068,0.7760236822430022
3,delta_max,44,0.4076982473936349,0.2597082253260797
3,delta_abs_area,44,-0.62946931808872,-0.7576996283529669
