batch,feature,pooled_pearson,policy_centered_pearson
1,peak_charge_current,-0.5801270593095694,0.05281846388198335
1,mean_charge_current,-0.7722350752515649,-0.23017232767924203
1,mean_chargetime,0.7394914769671036,-0.05821661765379062
1,delta_logvar,-0.8861231036774866,-0.07185814646734574
2,peak_charge_current,-0.16067205697234252,0.4092244090865416
2,mean_charge_current,-0.1547609112684069,0.47155073830589067
2,mean_chargetime,-0.9163716800646491,-0.045550837981426236
2,delta_logvar,-0.9018830736836406,-0.19668620613053017
3,peak_charge_current,-0.7079263433838471,-0.045246452994826145
3,mean_charge_current,-0.17633569575864116,0.4132543304710088
3,mean_chargetime,0.6370767355507307,-0.024930928238788713
3,delta_logvar,-0.7018620670132867,-0.36964127969210436
