cell_id,early_slope,late_slope,knee_candidate,before_slope,after_slope,bic_gain,search_upper,knee_at_upper_boundary,end_capacity_ratio
0,-2.9546060297412365e-05,-5.2307890218344515e-05,,-2.9393611119231688e-05,-4.502967540804679e-05,242.89253669048048,953.2,False,0.9538024080375435
1,-2.4589825480077435e-05,-4.610438958263912e-05,,-2.4415526284862823e-05,-4.387769816054584e-05,2882.7479236053546,944.4000000000001,False,0.960043505654432
2,-2.262533402604895e-05,-4.907803670700524e-05,,-2.3280118936777264e-05,-4.456591515468221e-05,2281.1487790271376,942.8000000000001,False,0.961272142767466
3,-2.8570260375152983e-05,-0.00020412563781917618,967.2727272727273,-4.575403086530948e-05,-0.00025926929486799223,3252.86907107617,982.0,False,0.8967213323277817
4,-2.639118633443972e-05,-8.29834765302069e-05,894.3636363636365,-3.975515762900226e-05,-8.611022766212277e-05,2284.482226419801,982.8000000000001,False,0.9439225103327255
5,-3.593727450168714e-05,-0.0004561442454382793,860.4000000000001,-6.601796545654255e-05,-0.0006231454187917774,2984.0864802529954,860.4000000000001,True,0.8193293279839815
6,-6.021492594458689e-05,-0.0008119460284455501,510.0,-0.00010998312110796497,-0.001107400678232758,2019.5913572814566,510.0,True,0.8207493214818584
7,-4.220327041107001e-05,-0.0006537764486258698,639.9333333333334,-7.64745924138622e-05,-0.0007015674015491822,2802.449697736223,697.2,False,0.8074855475977867
8,-3.366854847092196e-05,-0.00035738190570055664,678.0969696969698,-5.954028206084429e-05,-0.0004293661353171436,2678.1992182106865,704.4000000000001,False,0.8875858613291476
9,-3.063610143417979e-05,-0.0004994367024813216,787.509090909091,-6.194853610067295e-05,-0.0005520557554377864,3307.8332411380816,844.4000000000001,False,0.8147113830161091
10,-2.7876191656338964e-05,-0.0003199095256832322,693.4545454545455,-5.708838139993312e-05,-0.00037798007320252025,2416.4692585969083,726.0,False,0.8906718685076167
11,-2.9475168384110276e-05,-0.0006366263006633291,593.9272727272728,-6.408105521641554e-05,-0.0007211981094258367,2807.698199193669,631.6,False,0.835512014668875
12,-2.6064008598250628e-05,-0.0004935054850341046,685.0,-5.792981940466044e-05,-0.000571358330660174,2797.905203246089,722.8000000000001,False,0.8479886388376839
13,-2.9581287010192397e-05,-0.0004556316859144891,708.0606060606061,-6.279057719630754e-05,-0.0005981204176590293,2530.018677146425,718.8000000000001,False,0.855355719857576
14,-2.754416077780088e-05,-0.0006253598496027968,652.5333333333334,-6.453537820010306e-05,-0.000674789456979294,3385.0999042356775,705.2,False,0.8225521110313614
15,-2.2832915550075604e-05,-0.0007496278568066847,550.6545454545454,-6.628140367965917e-05,-0.0008827520629802487,2609.6938816807824,576.4,False,0.8327944520155498
16,-2.8283191555566192e-05,-0.0006810555194731342,670.169696969697,-6.421404895411457e-05,-0.0008395633563332581,3088.5001664246524,690.8000000000001,False,0.8164806654520188
17,-2.364925161150888e-05,-0.0006504710996673547,650.909090909091,-6.028445588278787e-05,-0.0007487927126591354,3013.2768974084984,686.8000000000001,False,0.8244464984224669
18,-0.00010807250494184926,-0.0006703122936231568,554.0,-0.00012009287731452532,-0.000885729286591517,2505.143721425189,554.0,True,0.8264155478949919
19,-5.2566162509456803e-05,-0.0006985478713055138,575.0909090909091,-8.927156726958327e-05,-0.0007366702855935379,3028.5788000144503,631.6,False,0.8131692308709455
20,-0.00019960861655679064,-0.0006095619574823728,412.5515151515152,-0.0002710952231568308,-0.0006941367414589963,1244.046402097608,428.40000000000003,False,0.8261041724140853
21,-0.00013454025645820444,-0.0007305188027809685,438.4363636363637,-0.0002018701764086427,-0.0008970758203846478,1496.4230338302623,448.40000000000003,False,0.8215676214819942
22,-3.0321001560501674e-05,-0.000306492883062072,660.6666666666666,-5.6047095171829985e-05,-0.0003373493582754184,2249.458386768846,714.0,False,0.8919841272917662
23,-3.0433820355988067e-05,-0.0005161923743327971,769.8484848484849,-6.422921782448062e-05,-0.0005963619967604008,3234.770632317967,812.4000000000001,False,0.8181239075760263
24,-3.276573012694885e-05,-0.000497630725353013,753.8303030303032,-6.456068394441356e-05,-0.0005403282644219165,3417.741503778814,814.8000000000001,False,0.8210272006324534
25,-3.695187354298321e-05,-0.0006082710390203208,607.7636363636364,-6.696792878710605e-05,-0.0006144773025687514,3209.0698740053494,684.4000000000001,False,0.8203322966111016
26,-3.8245685150869413e-05,-0.0006448825342261869,650.3454545454547,-7.280230526113283e-05,-0.0007157132877825379,2931.784521224389,697.2,False,0.812156213565153
27,-3.615598544616998e-05,-0.0006326366331205294,634.5090909090909,-6.980076688530803e-05,-0.0007141146008580525,2824.5578377599004,674.8000000000001,False,0.8195425350926291
28,-3.451066386348083e-05,-0.0006398836988985062,627.4545454545455,-6.997673674225372e-05,-0.0006737499996440327,3318.0816866338114,689.2,False,0.8185808030688659
29,-3.938059446387422e-05,-0.0005880634689000496,679.8909090909091,-7.230141448030438e-05,-0.0006385793828452413,3330.6580448543473,734.8000000000001,False,0.8167181846849875
30,-4.352450405418885e-05,-0.0008053666731574738,551.4787878787878,-7.962091556179763e-05,-0.000991815613768496,2605.4715956881205,568.4,False,0.818845322508503
31,-4.662891388357244e-05,-0.0006762829249340274,670.5454545454545,-7.464222813067701e-05,-0.0007928409468757546,3263.940935628471,702.0,False,0.8077093370216556
32,-3.876490326573347e-05,-0.0007648936420503382,546.7272727272727,-8.219709788548415e-05,-0.0008503831098282542,2657.351091734004,586.0,False,0.819248905487724
33,-4.568777025944775e-05,-0.0007751835520900062,557.0666666666667,-8.735025734974963e-05,-0.0008328508186595673,2568.371743037101,606.8000000000001,False,0.8068351337184649
34,-3.165458436406413e-05,-0.0007539056669981924,581.509090909091,-7.319872238312441e-05,-0.0009594596539449014,2534.1041442032983,594.8000000000001,False,0.822816213774395
35,-2.5426212041200262e-05,-0.0007786870175571955,521.6606060606061,-6.975685940862489e-05,-0.000851928469407907,2453.6907479872857,563.6,False,0.8248577731714485
36,-3.68105375174015e-05,-0.0008060724766999768,522.4,-7.734876124507287e-05,-0.0008737155695766885,2608.835292834111,564.4,False,0.8197967888684966
37,-4.170835314203949e-05,-0.0008335216555811384,480.9939393939395,-8.51830612551945e-05,-0.0009039121810367085,2364.7763707794065,519.6,False,0.8246554362484051
38,-3.0290157664092353e-05,-0.0009148495547813297,472.76363636363635,-8.717166368492117e-05,-0.0010772097166761032,2176.8238639382475,494.8,False,0.8235819615415201
39,-3.35369365262865e-05,-0.0009545885774420975,467.70909090909095,-8.539559492973673e-05,-0.0010568656538072181,2298.543403242594,501.20000000000005,False,0.816172931096414
40,-3.704756848842395e-05,-0.0005312276516471337,692.969696969697,-6.811511231422535e-05,-0.0005495531436897798,2958.932689276291,774.0,False,0.8147928741592863
41,-3.689361335435242e-05,-0.0005019337302471846,797.8787878787879,-6.630347451653669e-05,-0.0005751473094129513,3641.3208204227326,842.0,False,0.8167829563290555
42,-3.207942873773488e-05,-0.0007957490238927744,495.79393939393947,-7.658440239197099e-05,-0.0008024374806395051,2721.863223620332,562.8000000000001,False,0.8167485054237912
43,-4.548752487180368e-05,-0.00082982287908632,487.0909090909091,-8.149489756406817e-05,-0.0009134108468462825,2613.5262488949684,522.0,False,0.8272163630952554
44,-4.703132644459033e-05,-0.0009012863900287749,428.0,-9.375266184902996e-05,-0.0008896085512064536,2293.563888836506,494.0,False,0.8139672346326594
45,-3.778576764599622e-05,-0.000962896798196447,426.9454545454546,-9.061731285740225e-05,-0.0009749083786742178,2220.1144673850913,480.40000000000003,False,0.8156230459632647
