charging_policy,mean,std,count
4C(80%)-4C,1226.5,0.7071067811865476,2
3.6C(80%)-3.6C,1182.0,7.0,3
4.4C(80%)-4.4C,1074.0,,1
8C(15%)-3.6C,1008.5,60.10407640085654,2
5.4C(40%)-3.6C,966.5,123.74368670764582,2
6C(30%)-3.6C,952.5,86.97413408594535,2
6C(40%)-3C,935.5,115.25840533340725,2
5.4C(50%)-3.6C,899.5,3.5355339059327378,2
6C(50%)-3C,888.5,40.30508652763321,2
5.4C(60%)-3.6C,859.5,3.5355339059327378,2
6C(40%)-3.6C,856.0,19.79898987322333,2
5.4C(50%)-3C,847.0,83.43860018001261,2
5.4C(60%)-3C,799.5,113.84419177103415,2
6C(50%)-3.6C,792.5,118.08683245815344,2
4.8C(80%)-4.8C,753.0,165.46298679765212,2
6C(60%)-3C,744.0,18.384776310850235,2
5.4C(70%)-3C,739.5,68.58935777509511,2
7C(30%)-3.6C,722.5,27.577164466275352,2
8C(25%)-3.6C,676.5,36.062445840513924,2
7C(40%)-3C,676.0,39.59797974644666,2
7C(40%)-3.6C,621.0,5.656854249492381,2
8C(35%)-3.6C,607.5,12.020815280171307,2
5.4C(80%)-5.4C,546.5,17.67766952966369,2
