cell_id,delta_mean,delta_var,delta_logvar,delta_min,delta_max,delta_abs_area,cycle_life,charging_policy,known_collection_issue,author_quality_flag,quartile_group,threshold_group
0,-0.025801000173386008,0.0003256380937000854,-3.4872647963011447,-0.055061277717081025,-9.521354407294514e-05,0.03873090802126279,477,5.2C(58%)-4C,False,False,Middle,Short <500
1,-0.035595007639683186,0.0005034410615908589,-3.2980513654760366,-0.0661147205894651,7.108555611635758e-05,0.053434577776178147,491,5.6C(26%)-4.5C,False,False,Middle,Short <500
2,-0.025013386420214043,0.00034653861464528006,-3.4602483651128177,-0.052717818544041395,-9.348703145968057e-05,0.03755061607566037,424,5.2C(50%)-4.25C,False,False,Lower quartile,Short <500
3,-0.0200898829186987,0.000318975262145792,-3.496242996974693,-0.05586845261151374,-3.60397413177497e-05,0.03016197144417994,499,4.65C(44%)-5C,False,False,Middle,Short <500
4,-0.03478179648488909,0.0005854545529657332,-3.232506812226559,-0.07029720690084085,0.00013025762408843224,0.052227244231905154,444,4.65C(69%)-6C,False,False,Middle,Short <500
5,-0.04648540460048997,0.0008205749892219915,-3.085881724279185,-0.08615002847927744,2.920642290152572e-05,0.06977261503321983,416,3.6C(30%)-6C,False,False,Lower quartile,Short <500
6,-0.020824792460517043,0.00029509395529212125,-3.53003968650195,-0.04987247893740465,6.053608010545594e-05,0.03127183142399857,393,3.6C(9%)-5C,False,False,Lower quartile,Short <500
7,-0.008823099834708447,5.8658359122664684e-05,-4.231670089905405,-0.021737979924043582,0.00018215769615613552,0.013314351588678778,777,4.8C(80%)-4.8C-newstructure,False,False,Upper quartile,Middle
8,-0.011203415580045945,7.899098323286501e-05,-4.10242248030074,-0.027841110945332148,7.99459666896464e-05,0.016846982332079027,904,5.2C(58%)-4C-newstructure,False,False,Upper quartile,Middle
9,-0.007446960333569007,4.5245388051825846e-05,-4.344425682662564,-0.019754152325308416,0.007641342941403423,0.012162993517193285,791,5.6C(26%)-4.5C-newstructure,False,False,Upper quartile,Middle
10,-0.02952029629956943,0.0003540787689973819,-3.4509001132975605,-0.05580244986198335,-3.745489361485022e-05,0.04431191504885022,492,4.8C(80%)-4.8C,False,False,Middle,Short <500
11,-0.024012633467613773,0.000327044446642087,-3.485393220979881,-0.05489875594719695,-7.08192254983666e-05,0.0360483365144574,449,5.2C(50%)-4.25C,False,False,Middle,Short <500
12,-0.03939759227215439,0.0006792531042316953,-3.1679683681509765,-0.07733124344865683,2.5599653875487077e-05,0.05913861345264282,466,4.65C(44%)-5C,False,False,Middle,Short <500
13,-0.03407002212261209,0.0004524309203412679,-3.3444477218838284,-0.06467448840609535,2.057302958928932e-05,0.05114063533623627,460,4.65C(69%)-6C,False,False,Middle,Short <500
14,-0.04455576451036339,0.0007611671443129551,-3.118519966248836,-0.0837144352028476,-0.0001943753785575401,0.0668770052035785,426,3.6C(30%)-6C,False,False,Lower quartile,Short <500
15,-0.024135288352654265,0.00030461274707478366,-3.516251926776714,-0.05093467639415561,-0.00010253456264084181,0.03623152175664686,396,3.6C(9%)-5C,False,False,Lower quartile,Short <500
16,-0.026244652410942607,0.00031997718113099425,-3.494880991874622,-0.0532543676756424,-0.00018833040630502525,0.03939612343472676,472,4.8C(80%)-4.8C,False,False,Middle,Short <500
17,-0.024346340387446,0.00031597729109801386,-3.500344128474038,-0.05256239657553352,-8.595721552723563e-05,0.03654873894102899,471,5.6C(26%)-4.5C,False,False,Middle,Short <500
18,-0.016640891110932497,0.00019619921427892916,-3.707302736176298,-0.03974566910430133,0.00011606288549960105,0.024985715480328442,449,5.2C(50%)-4.25C,False,False,Middle,Short <500
19,-0.03430820779792185,0.0005105543672328961,-3.291958004542694,-0.06565175087353758,6.291054244101832e-05,0.051502401278122265,392,6C(60%)-3C,False,False,Lower quartile,Short <500
20,-0.024435139451588442,0.00036198832906685687,-3.4413054314104006,-0.06050408803806073,-0.000196828332951257,0.03668251672590607,489,5.2C(58%)-4C,False,False,Middle,Short <500
21,-0.03328855261100499,0.00047132548685186934,-3.326679075199306,-0.06446758204398206,-0.00014105578859591097,0.049967328068722644,408,6C(60%)-3C,False,False,Lower quartile,Short <500
24,-0.02277147977476359,0.00022862026926774183,-3.6408852680750527,-0.04572997432532899,6.422339966413571e-05,0.03418572792264496,514,4.8C(80%)-4.8C,False,False,Upper quartile,Middle
25,-0.023610982444417374,0.0002920936192579677,-3.5344779300217333,-0.05050846489030969,-4.5340619104201576e-05,0.03544449279888991,493,5.2C(58%)-4C,False,False,Middle,Short <500
26,-0.03803854165400029,0.0005997170447101128,-3.2220536077932804,-0.0733087791289827,-1.461487027885509e-05,0.05709627870005765,450,5.6C(26%)-4.5C,False,False,Middle,Short <500
27,-0.02468392780224258,0.0003264347368865592,-3.48620363289781,-0.05449125756065937,-3.926139249814915e-05,0.03705587457349385,474,5.2C(50%)-4.25C,False,False,Middle,Short <500
28,-0.027989332592662373,0.00037721489290159214,-3.4234111691232063,-0.05649138678277321,-1.6725146193166066e-05,0.042015789443883615,437,4.8C(80%)-4.8C,False,False,Lower quartile,Short <500
29,-0.02532223237657199,0.0003102785983552323,-3.5082481790944344,-0.05263352953614442,-7.556575465258704e-05,0.03801243602069905,452,5.2C(58%)-4C,False,False,Middle,Short <500
30,-0.03965588948997046,0.0006525149114268707,-3.1854095592748743,-0.07552303651130998,1.6768799842831208e-05,0.05952459076569852,412,5.6C(26%)-4.5C,False,False,Lower quartile,Short <500
31,-0.030624456764042955,0.0004442640470427457,-3.35235883148731,-0.06422883358208353,0.0004689860046967753,0.04614036764040557,425,5.6C(26%)-4.5C,False,False,Lower quartile,Short <500
32,-0.013389939833647101,7.388118368069332e-05,-4.131466155166347,-0.02746120651303563,-5.814087009912289e-05,0.020098372867133237,809,4.8C(80%)-4.8C-newstructure,False,False,Upper quartile,Middle
33,-0.011579541007786184,5.8664001171767984e-05,-4.23162831933775,-0.024084742136216253,0.0023936440985986712,0.01747418020090425,1140,5.2C(58%)-4C-newstructure,False,False,Upper quartile,Long >1000
34,-0.008120054579074075,3.5597117054099105e-05,-4.448585173324752,-0.01914294964399932,0.0013340518865872647,0.012312270499225288,1186,5.6C(26%)-4.5C-newstructure,False,False,Upper quartile,Long >1000
41,-0.037768291495701274,0.0006724100406155343,-3.1723658101769976,-0.08093104924483763,-4.6344856152906764e-05,0.0566929418226577,442,5.6C(26%)-4.5C,False,False,Middle,Short <500
42,-0.02934071492636848,0.0003291640157368037,-3.482587648007536,-0.054167624970645756,-3.450833605905964e-05,0.04404147403610194,474,5.2C(50%)-4.25C,False,False,Middle,Short <500
43,-0.00777834835139346,5.348328464782673e-05,-4.271781928623568,-0.019164842112240565,0.010130506838166742,0.01319844088938141,1029,4.8C(80%)-4.8C-newstructure,False,False,Upper quartile,Long >1000
44,-0.00875057261717091,4.3199281110227894e-05,-4.36452348032534,-0.020302277620516618,0.00010670026400699112,0.013151452226442865,841,5.2C(58%)-4C-newstructure,False,False,Upper quartile,Middle
45,-0.011157666285585534,6.680132101075869e-05,-4.175214949171005,-0.026670418787086536,4.7618008762400016e-05,0.016757172486676578,997,5.6C(26%)-4.5C-newstructure,False,False,Upper quartile,Middle
46,-0.022834298631913233,0.00030983099889204734,-3.5088751328187002,-0.05286240500828243,0.0021619334239458277,0.034599618426536236,503,4.8C(80%)-4.8C,False,False,Middle,Middle
