batch,cell_id,provided_life,last_cycle,recorded_minus_life,last_QD,last_to_initial_ratio,first_cycle_QD_le_0_88,endpoint_review_candidate
2,0,477,496,19,0.82661337,0.7479118748587961,477.0,False
2,1,491,513,22,0.82848173,0.7486381262832627,491.0,False
2,2,424,439,15,0.82700932,0.7679018418944139,424.0,False
2,3,499,517,18,0.82550967,0.7516423215104855,499.0,False
2,4,444,464,20,0.82712674,0.7596801345796301,444.0,False
2,5,416,445,29,0.8261537,0.7534987165087214,416.0,False
2,6,393,409,16,0.82940364,0.7606639593238246,393.0,False
2,7,777,806,29,0.8264814,0.7569052328742559,777.0,False
2,8,904,947,43,0.8255862,0.7558919078477652,904.0,False
2,9,791,819,28,0.82610458,0.7519152798877841,791.0,False
2,10,492,519,27,0.82791102,0.7448482271606609,492.0,False
2,11,449,468,19,0.82524824,0.7504587925176394,449.0,False
2,12,466,493,27,0.82528538,0.7474725190523732,466.0,False
2,13,460,483,23,0.82574999,0.7534770032793473,460.0,False
2,14,426,461,35,0.82618046,0.762790368302033,426.0,False
2,15,396,414,18,0.82608759,0.770661894791363,396.0,False
2,16,472,499,27,0.82648873,0.7525964065012104,472.0,False
2,17,471,494,23,0.8272146,0.7571860927726984,471.0,False
2,18,449,467,18,0.82719898,0.766728839875362,449.0,False
2,19,392,411,19,0.82597393,0.7544945498836662,392.0,False
2,20,489,506,17,0.82856864,0.7534276435663154,489.0,False
2,21,408,426,18,0.82783753,0.7516852722583597,408.0,False
2,24,514,536,22,0.82615805,0.7539572215694551,514.0,False
2,25,493,511,18,0.82751423,0.7511435839598428,493.0,False
2,26,450,476,26,0.82529837,0.7467130221380535,450.0,False
2,27,474,493,19,0.8266983,0.7539320230435368,474.0,False
2,28,437,456,19,0.82741743,0.7565570139285303,437.0,False
2,29,452,470,18,0.82541627,0.7455152954522566,452.0,False
2,30,412,429,17,0.82665932,0.7536197727761493,412.0,False
2,31,425,446,21,0.82528561,0.7512499294524602,425.0,False
2,32,809,834,25,0.82744044,0.7577717397924005,809.0,False
2,33,1140,1190,50,0.82506907,0.7679007054415682,1140.0,False
2,34,1186,1252,66,0.82562441,0.7725331507604024,1186.0,False
2,41,442,463,21,0.82606894,0.747136508175397,442.0,False
2,42,474,497,23,0.82577723,0.7470047567006809,474.0,False
2,43,1029,1061,32,0.82532436,0.7497448326545888,1029.0,False
2,44,841,874,33,0.82503617,0.7509841739527142,841.0,False
2,45,997,1027,30,0.82734823,0.749582290558414,997.0,False
2,46,503,523,20,0.82638663,0.749949320429108,503.0,False
