,pearson,spearman,n
mean_chargetime,-0.916371680064649,-0.7505820465622802,39
delta_logvar,-0.9018830736836407,-0.7089786451951734,39
delta_min,0.8185183255033297,0.6608968552940159,39
delta_mean,0.7670852072368176,0.6972365659772065,39
delta_abs_area,-0.7650189774774601,-0.6970341163355175,39
delta_var,-0.7327873034697585,-0.7089786451951734,39
mean_IR,-0.6169715543339009,-0.19587198196572558,33
delta_max,0.49811026479571063,0.4077335783618159,39
early_fade_rate,0.48442174648254643,0.27097884540083944,39
mean_Tavg,0.4306506512697123,0.17238586989825533,39
mean_QD,-0.33716748129731816,0.09535378123555874,39
std_QD,0.1842371387026755,-0.05800182234392267,39
peak_charge_current,-0.16067205697234302,-0.33556028109965735,39
mean_charge_current,-0.15476091126840694,-0.19091001211280656,39
high_current_fraction,0.03404520951218106,0.10689341081183654,39
mean_Tmax,0.01907504242222517,-0.12582245230976594,39
