experiment,stage,outer_fold,inner_fold,train_ids,validation_ids,train_batch,validation_batch,sample_overlap,policy_overlap
main_development,outer,1,0,"[""b1_c3"", ""b1_c4"", ""b1_c8"", ""b1_c9"", ""b1_c12"", ""b1_c13"", ""b1_c16"", ""b1_c17"", ""b1_c20"", ""b1_c21"", ""b1_c24"", ""b1_c25"", ""b1_c26"", ""b1_c27"", ""b1_c30"", ""b1_c31"", ""b1_c32"", ""b1_c33"", ""b1_c36"", ""b1_c37"", ""b1_c38"", ""b1_c39"", ""b1_c40"", ""b1_c41"", ""b1_c42"", ""b1_c43"", ""b1_c44"", ""b1_c45""]","[""b1_c5"", ""b1_c6"", ""b1_c7"", ""b1_c10"", ""b1_c11"", ""b1_c22"", ""b1_c23""]",1,1,0,0
main_development,inner,1,1,"[""b1_c8"", ""b1_c9"", ""b1_c12"", ""b1_c13"", ""b1_c16"", ""b1_c17"", ""b1_c20"", ""b1_c21"", ""b1_c24"", ""b1_c25"", ""b1_c30"", ""b1_c31"", ""b1_c32"", ""b1_c33"", ""b1_c36"", ""b1_c37"", ""b1_c44"", ""b1_c45""]","[""b1_c3"", ""b1_c4"", ""b1_c26"", ""b1_c27"", ""b1_c38"", ""b1_c39"", ""b1_c40"", ""b1_c41"", ""b1_c42"", ""b1_c43""]",1,1,0,0
main_development,inner,1,2,"[""b1_c3"", ""b1_c4"", ""b1_c16"", ""b1_c17"", ""b1_c24"", ""b1_c25"", ""b1_c26"", ""b1_c27"", ""b1_c30"", ""b1_c31"", ""b1_c36"", ""b1_c37"", ""b1_c38"", ""b1_c39"", ""b1_c40"", ""b1_c41"", ""b1_c42"", ""b1_c43""]","[""b1_c8"", ""b1_c9"", ""b1_c12"", ""b1_c13"", ""b1_c20"", ""b1_c21"", ""b1_c32"", ""b1_c33"", ""b1_c44"", ""b1_c45""]",1,1,0,0
main_development,inner,1,3,"[""b1_c3"", ""b1_c4"", ""b1_c8"", ""b1_c9"", ""b1_c12"", ""b1_c13"", ""b1_c20"", ""b1_c21"", ""b1_c26"", ""b1_c27"", ""b1_c32"", ""b1_c33"", ""b1_c38"", ""b1_c39"", ""b1_c40"", ""b1_c41"", ""b1_c42"", ""b1_c43"", ""b1_c44"", ""b1_c45""]","[""b1_c16"", ""b1_c17"", ""b1_c24"", ""b1_c25"", ""b1_c30"", ""b1_c31"", ""b1_c36"", ""b1_c37""]",1,1,0,0
main_development,outer,2,0,"[""b1_c3"", ""b1_c4"", ""b1_c5"", ""b1_c6"", ""b1_c7"", ""b1_c10"", ""b1_c11"", ""b1_c12"", ""b1_c13"", ""b1_c16"", ""b1_c17"", ""b1_c20"", ""b1_c21"", ""b1_c22"", ""b1_c23"", ""b1_c24"", ""b1_c25"", ""b1_c26"", ""b1_c27"", ""b1_c30"", ""b1_c31"", ""b1_c32"", ""b1_c33"", ""b1_c36"", ""b1_c37"", ""b1_c44"", ""b1_c45""]","[""b1_c8"", ""b1_c9"", ""b1_c38"", ""b1_c39"", ""b1_c40"", ""b1_c41"", ""b1_c42"", ""b1_c43""]",1,1,0,0
main_development,inner,2,1,"[""b1_c3"", ""b1_c4"", ""b1_c6"", ""b1_c7"", ""b1_c10"", ""b1_c11"", ""b1_c12"", ""b1_c13"", ""b1_c20"", ""b1_c21"", ""b1_c22"", ""b1_c23"", ""b1_c26"", ""b1_c27"", ""b1_c30"", ""b1_c31"", ""b1_c44"", ""b1_c45""]","[""b1_c5"", ""b1_c16"", ""b1_c17"", ""b1_c24"", ""b1_c25"", ""b1_c32"", ""b1_c33"", ""b1_c36"", ""b1_c37""]",1,1,0,0
main_development,inner,2,2,"[""b1_c5"", ""b1_c12"", ""b1_c13"", ""b1_c16"", ""b1_c17"", ""b1_c20"", ""b1_c21"", ""b1_c22"", ""b1_c23"", ""b1_c24"", ""b1_c25"", ""b1_c30"", ""b1_c31"", ""b1_c32"", ""b1_c33"", ""b1_c36"", ""b1_c37""]","[""b1_c3"", ""b1_c4"", ""b1_c6"", ""b1_c7"", ""b1_c10"", ""b1_c11"", ""b1_c26"", ""b1_c27"", ""b1_c44"", ""b1_c45""]",1,1,0,0
main_development,inner,2,3,"[""b1_c3"", ""b1_c4"", ""b1_c5"", ""b1_c6"", ""b1_c7"", ""b1_c10"", ""b1_c11"", ""b1_c16"", ""b1_c17"", ""b1_c24"", ""b1_c25"", ""b1_c26"", ""b1_c27"", ""b1_c32"", ""b1_c33"", ""b1_c36"", ""b1_c37"", ""b1_c44"", ""b1_c45""]","[""b1_c12"", ""b1_c13"", ""b1_c20"", ""b1_c21"", ""b1_c22"", ""b1_c23"", ""b1_c30"", ""b1_c31""]",1,1,0,0
main_development,outer,3,0,"[""b1_c5"", ""b1_c6"", ""b1_c7"", ""b1_c8"", ""b1_c9"", ""b1_c10"", ""b1_c11"", ""b1_c12"", ""b1_c13"", ""b1_c16"", ""b1_c17"", ""b1_c20"", ""b1_c21"", ""b1_c22"", ""b1_c23"", ""b1_c24"", ""b1_c25"", ""b1_c32"", ""b1_c33"", ""b1_c36"", ""b1_c37"", ""b1_c38"", ""b1_c39"", ""b1_c40"", ""b1_c41"", ""b1_c42"", ""b1_c43""]","[""b1_c3"", ""b1_c4"", ""b1_c26"", ""b1_c27"", ""b1_c30"", ""b1_c31"", ""b1_c44"", ""b1_c45""]",1,1,0,0
main_development,inner,3,1,"[""b1_c6"", ""b1_c7"", ""b1_c8"", ""b1_c9"", ""b1_c10"", ""b1_c11"", ""b1_c12"", ""b1_c13"", ""b1_c20"", ""b1_c21"", ""b1_c22"", ""b1_c23"", ""b1_c24"", ""b1_c25"", ""b1_c38"", ""b1_c39"", ""b1_c42"", ""b1_c43""]","[""b1_c5"", ""b1_c16"", ""b1_c17"", ""b1_c32"", ""b1_c33"", ""b1_c36"", ""b1_c37"", ""b1_c40"", ""b1_c41""]",1,1,0,0
main_development,inner,3,2,"[""b1_c5"", ""b1_c12"", ""b1_c13"", ""b1_c16"", ""b1_c17"", ""b1_c20"", ""b1_c21"", ""b1_c22"", ""b1_c23"", ""b1_c32"", ""b1_c33"", ""b1_c36"", ""b1_c37"", ""b1_c38"", ""b1_c39"", ""b1_c40"", ""b1_c41""]","[""b1_c6"", ""b1_c7"", ""b1_c8"", ""b1_c9"", ""b1_c10"", ""b1_c11"", ""b1_c24"", ""b1_c25"", ""b1_c42"", ""b1_c43""]",1,1,0,0
main_development,inner,3,3,"[""b1_c5"", ""b1_c6"", ""b1_c7"", ""b1_c8"", ""b1_c9"", ""b1_c10"", ""b1_c11"", ""b1_c16"", ""b1_c17"", ""b1_c24"", ""b1_c25"", ""b1_c32"", ""b1_c33"", ""b1_c36"", ""b1_c37"", ""b1_c40"", ""b1_c41"", ""b1_c42"", ""b1_c43""]","[""b1_c12"", ""b1_c13"", ""b1_c20"", ""b1_c21"", ""b1_c22"", ""b1_c23"", ""b1_c38"", ""b1_c39""]",1,1,0,0
main_development,outer,4,0,"[""b1_c3"", ""b1_c4"", ""b1_c5"", ""b1_c6"", ""b1_c7"", ""b1_c8"", ""b1_c9"", ""b1_c10"", ""b1_c11"", ""b1_c16"", ""b1_c17"", ""b1_c22"", ""b1_c23"", ""b1_c24"", ""b1_c25"", ""b1_c26"", ""b1_c27"", ""b1_c30"", ""b1_c31"", ""b1_c36"", ""b1_c37"", ""b1_c38"", ""b1_c39"", ""b1_c40"", ""b1_c41"", ""b1_c42"", ""b1_c43"", ""b1_c44"", ""b1_c45""]","[""b1_c12"", ""b1_c13"", ""b1_c20"", ""b1_c21"", ""b1_c32"", ""b1_c33""]",1,1,0,0
main_development,inner,4,1,"[""b1_c3"", ""b1_c4"", ""b1_c6"", ""b1_c7"", ""b1_c8"", ""b1_c9"", ""b1_c10"", ""b1_c11"", ""b1_c22"", ""b1_c23"", ""b1_c24"", ""b1_c25"", ""b1_c26"", ""b1_c27"", ""b1_c38"", ""b1_c39"", ""b1_c40"", ""b1_c41"", ""b1_c44"", ""b1_c45""]","[""b1_c5"", ""b1_c16"", ""b1_c17"", ""b1_c30"", ""b1_c31"", ""b1_c36"", ""b1_c37"", ""b1_c42"", ""b1_c43""]",1,1,0,0
main_development,inner,4,2,"[""b1_c5"", ""b1_c8"", ""b1_c9"", ""b1_c16"", ""b1_c17"", ""b1_c22"", ""b1_c23"", ""b1_c26"", ""b1_c27"", ""b1_c30"", ""b1_c31"", ""b1_c36"", ""b1_c37"", ""b1_c38"", ""b1_c39"", ""b1_c40"", ""b1_c41"", ""b1_c42"", ""b1_c43""]","[""b1_c3"", ""b1_c4"", ""b1_c6"", ""b1_c7"", ""b1_c10"", ""b1_c11"", ""b1_c24"", ""b1_c25"", ""b1_c44"", ""b1_c45""]",1,1,0,0
main_development,inner,4,3,"[""b1_c3"", ""b1_c4"", ""b1_c5"", ""b1_c6"", ""b1_c7"", ""b1_c10"", ""b1_c11"", ""b1_c16"", ""b1_c17"", ""b1_c24"", ""b1_c25"", ""b1_c30"", ""b1_c31"", ""b1_c36"", ""b1_c37"", ""b1_c42"", ""b1_c43"", ""b1_c44"", ""b1_c45""]","[""b1_c8"", ""b1_c9"", ""b1_c22"", ""b1_c23"", ""b1_c26"", ""b1_c27"", ""b1_c38"", ""b1_c39"", ""b1_c40"", ""b1_c41""]",1,1,0,0
main_development,outer,5,0,"[""b1_c3"", ""b1_c4"", ""b1_c5"", ""b1_c6"", ""b1_c7"", ""b1_c8"", ""b1_c9"", ""b1_c10"", ""b1_c11"", ""b1_c12"", ""b1_c13"", ""b1_c20"", ""b1_c21"", ""b1_c22"", ""b1_c23"", ""b1_c26"", ""b1_c27"", ""b1_c30"", ""b1_c31"", ""b1_c32"", ""b1_c33"", ""b1_c38"", ""b1_c39"", ""b1_c40"", ""b1_c41"", ""b1_c42"", ""b1_c43"", ""b1_c44"", ""b1_c45""]","[""b1_c16"", ""b1_c17"", ""b1_c24"", ""b1_c25"", ""b1_c36"", ""b1_c37""]",1,1,0,0
main_development,inner,5,1,"[""b1_c3"", ""b1_c4"", ""b1_c6"", ""b1_c7"", ""b1_c8"", ""b1_c9"", ""b1_c12"", ""b1_c13"", ""b1_c20"", ""b1_c21"", ""b1_c22"", ""b1_c23"", ""b1_c26"", ""b1_c27"", ""b1_c32"", ""b1_c33"", ""b1_c40"", ""b1_c41"", ""b1_c44"", ""b1_c45""]","[""b1_c5"", ""b1_c10"", ""b1_c11"", ""b1_c30"", ""b1_c31"", ""b1_c38"", ""b1_c39"", ""b1_c42"", ""b1_c43""]",1,1,0,0
main_development,inner,5,2,"[""b1_c5"", ""b1_c8"", ""b1_c9"", ""b1_c10"", ""b1_c11"", ""b1_c20"", ""b1_c21"", ""b1_c22"", ""b1_c23"", ""b1_c30"", ""b1_c31"", ""b1_c32"", ""b1_c33"", ""b1_c38"", ""b1_c39"", ""b1_c40"", ""b1_c41"", ""b1_c42"", ""b1_c43""]","[""b1_c3"", ""b1_c4"", ""b1_c6"", ""b1_c7"", ""b1_c12"", ""b1_c13"", ""b1_c26"", ""b1_c27"", ""b1_c44"", ""b1_c45""]",1,1,0,0
main_development,inner,5,3,"[""b1_c3"", ""b1_c4"", ""b1_c5"", ""b1_c6"", ""b1_c7"", ""b1_c10"", ""b1_c11"", ""b1_c12"", ""b1_c13"", ""b1_c26"", ""b1_c27"", ""b1_c30"", ""b1_c31"", ""b1_c38"", ""b1_c39"", ""b1_c42"", ""b1_c43"", ""b1_c44"", ""b1_c45""]","[""b1_c8"", ""b1_c9"", ""b1_c20"", ""b1_c21"", ""b1_c22"", ""b1_c23"", ""b1_c32"", ""b1_c33"", ""b1_c40"", ""b1_c41""]",1,1,0,0
main_development,final_tuning,1,0,"[""b1_c3"", ""b1_c4"", ""b1_c8"", ""b1_c9"", ""b1_c12"", ""b1_c13"", ""b1_c16"", ""b1_c17"", ""b1_c20"", ""b1_c21"", ""b1_c24"", ""b1_c25"", ""b1_c26"", ""b1_c27"", ""b1_c30"", ""b1_c31"", ""b1_c32"", ""b1_c33"", ""b1_c36"", ""b1_c37"", ""b1_c38"", ""b1_c39"", ""b1_c40"", ""b1_c41"", ""b1_c42"", ""b1_c43"", ""b1_c44"", ""b1_c45""]","[""b1_c5"", ""b1_c6"", ""b1_c7"", ""b1_c10"", ""b1_c11"", ""b1_c22"", ""b1_c23""]",1,1,0,0
main_development,final_tuning,2,0,"[""b1_c3"", ""b1_c4"", ""b1_c5"", ""b1_c6"", ""b1_c7"", ""b1_c10"", ""b1_c11"", ""b1_c12"", ""b1_c13"", ""b1_c16"", ""b1_c17"", ""b1_c20"", ""b1_c21"", ""b1_c22"", ""b1_c23"", ""b1_c24"", ""b1_c25"", ""b1_c26"", ""b1_c27"", ""b1_c30"", ""b1_c31"", ""b1_c32"", ""b1_c33"", ""b1_c36"", ""b1_c37"", ""b1_c44"", ""b1_c45""]","[""b1_c8"", ""b1_c9"", ""b1_c38"", ""b1_c39"", ""b1_c40"", ""b1_c41"", ""b1_c42"", ""b1_c43""]",1,1,0,0
main_development,final_tuning,3,0,"[""b1_c5"", ""b1_c6"", ""b1_c7"", ""b1_c8"", ""b1_c9"", ""b1_c10"", ""b1_c11"", ""b1_c12"", ""b1_c13"", ""b1_c16"", ""b1_c17"", ""b1_c20"", ""b1_c21"", ""b1_c22"", ""b1_c23"", ""b1_c24"", ""b1_c25"", ""b1_c32"", ""b1_c33"", ""b1_c36"", ""b1_c37"", ""b1_c38"", ""b1_c39"", ""b1_c40"", ""b1_c41"", ""b1_c42"", ""b1_c43""]","[""b1_c3"", ""b1_c4"", ""b1_c26"", ""b1_c27"", ""b1_c30"", ""b1_c31"", ""b1_c44"", ""b1_c45""]",1,1,0,0
main_development,final_tuning,4,0,"[""b1_c3"", ""b1_c4"", ""b1_c5"", ""b1_c6"", ""b1_c7"", ""b1_c8"", ""b1_c9"", ""b1_c10"", ""b1_c11"", ""b1_c16"", ""b1_c17"", ""b1_c22"", ""b1_c23"", ""b1_c24"", ""b1_c25"", ""b1_c26"", ""b1_c27"", ""b1_c30"", ""b1_c31"", ""b1_c36"", ""b1_c37"", ""b1_c38"", ""b1_c39"", ""b1_c40"", ""b1_c41"", ""b1_c42"", ""b1_c43"", ""b1_c44"", ""b1_c45""]","[""b1_c12"", ""b1_c13"", ""b1_c20"", ""b1_c21"", ""b1_c32"", ""b1_c33""]",1,1,0,0
main_development,final_tuning,5,0,"[""b1_c3"", ""b1_c4"", ""b1_c5"", ""b1_c6"", ""b1_c7"", ""b1_c8"", ""b1_c9"", ""b1_c10"", ""b1_c11"", ""b1_c12"", ""b1_c13"", ""b1_c20"", ""b1_c21"", ""b1_c22"", ""b1_c23"", ""b1_c26"", ""b1_c27"", ""b1_c30"", ""b1_c31"", ""b1_c32"", ""b1_c33"", ""b1_c38"", ""b1_c39"", ""b1_c40"", ""b1_c41"", ""b1_c42"", ""b1_c43"", ""b1_c44"", ""b1_c45""]","[""b1_c16"", ""b1_c17"", ""b1_c24"", ""b1_c25"", ""b1_c36"", ""b1_c37""]",1,1,0,0
