experiment,fold,model,sample_id,batch_id,actual,predicted
sensitivity_development,1,Ridge,b1_c5,1,1074,928.2017658353386
sensitivity_development,1,Ridge,b1_c6,1,636,790.5445974950186
sensitivity_development,1,Ridge,b1_c7,1,870,804.6051566702598
sensitivity_development,1,Ridge,b1_c20,1,534,676.0407329588606
sensitivity_development,1,Ridge,b1_c21,1,559,671.540639734329
sensitivity_development,1,Ridge,b1_c42,1,702,755.2705725896615
sensitivity_development,1,Ridge,b1_c43,1,651,755.8448734671501
sensitivity_development,1,Random Forest,b1_c5,1,1074,886.1612318412829
sensitivity_development,1,Random Forest,b1_c6,1,636,829.5980340472358
sensitivity_development,1,Random Forest,b1_c7,1,870,859.1607250089701
sensitivity_development,1,Random Forest,b1_c20,1,534,653.8339174993947
sensitivity_development,1,Random Forest,b1_c21,1,559,653.8339174993947
sensitivity_development,1,Random Forest,b1_c42,1,702,668.3379459890378
sensitivity_development,1,Random Forest,b1_c43,1,651,668.3379459890378
sensitivity_development,1,XGBoost,b1_c5,1,1074,849.6458740234375
sensitivity_development,1,XGBoost,b1_c6,1,636,857.6721801757812
sensitivity_development,1,XGBoost,b1_c7,1,870,857.6721801757812
sensitivity_development,1,XGBoost,b1_c20,1,534,680.7484741210938
sensitivity_development,1,XGBoost,b1_c21,1,559,680.7484741210938
sensitivity_development,1,XGBoost,b1_c42,1,702,644.1958618164062
sensitivity_development,1,XGBoost,b1_c43,1,651,644.1958618164062
sensitivity_development,2,Ridge,b1_c24,1,1017,875.0382455937921
sensitivity_development,2,Ridge,b1_c25,1,854,915.7132035631101
sensitivity_development,2,Ridge,b1_c38,1,617,626.7334026995669
sensitivity_development,2,Ridge,b1_c39,1,625,649.9678972140742
sensitivity_development,2,Ridge,b1_c40,1,966,878.0531222495281
sensitivity_development,2,Ridge,b1_c41,1,1051,885.3720838491869
sensitivity_development,2,Random Forest,b1_c24,1,1017,897.7245001048374
sensitivity_development,2,Random Forest,b1_c25,1,854,958.5143312900709
sensitivity_development,2,Random Forest,b1_c38,1,617,597.8389910380572
sensitivity_development,2,Random Forest,b1_c39,1,625,597.8389910380572
sensitivity_development,2,Random Forest,b1_c40,1,966,957.2291484824005
sensitivity_development,2,Random Forest,b1_c41,1,1051,954.2420151518478
sensitivity_development,2,XGBoost,b1_c24,1,1017,869.494384765625
sensitivity_development,2,XGBoost,b1_c25,1,854,928.6568603515625
sensitivity_development,2,XGBoost,b1_c38,1,617,694.6906127929688
sensitivity_development,2,XGBoost,b1_c39,1,625,694.6906127929688
sensitivity_development,2,XGBoost,b1_c40,1,966,925.5587768554688
sensitivity_development,2,XGBoost,b1_c41,1,1051,919.6495971679688
sensitivity_development,3,Ridge,b1_c9,1,1054,988.6652819612987
sensitivity_development,3,Ridge,b1_c30,1,709,753.7219117527488
sensitivity_development,3,Ridge,b1_c31,1,876,769.4228188479626
sensitivity_development,3,Ridge,b1_c44,1,616,586.4811655489094
sensitivity_development,3,Ridge,b1_c45,1,599,588.1645212881253
sensitivity_development,3,Random Forest,b1_c9,1,1054,906.8881017405638
sensitivity_development,3,Random Forest,b1_c30,1,709,721.4784596221446
sensitivity_development,3,Random Forest,b1_c31,1,876,729.2567053830004
sensitivity_development,3,Random Forest,b1_c44,1,616,612.2246395662828
sensitivity_development,3,Random Forest,b1_c45,1,599,612.2246395662828
sensitivity_development,3,XGBoost,b1_c9,1,1054,882.5996704101562
sensitivity_development,3,XGBoost,b1_c30,1,709,685.5768432617188
sensitivity_development,3,XGBoost,b1_c31,1,876,870.4485473632812
sensitivity_development,3,XGBoost,b1_c44,1,616,651.87646484375
sensitivity_development,3,XGBoost,b1_c45,1,599,651.87646484375
sensitivity_development,4,Ridge,b1_c16,1,862,924.8064238016952
sensitivity_development,4,Ridge,b1_c17,1,857,848.7834564165577
sensitivity_development,4,Ridge,b1_c26,1,870,816.2100761134027
sensitivity_development,4,Ridge,b1_c27,1,842,848.5122310869099
sensitivity_development,4,Ridge,b1_c32,1,731,635.1169173956105
sensitivity_development,4,Ridge,b1_c33,1,757,643.8569043233218
sensitivity_development,4,Random Forest,b1_c16,1,862,963.5478500838894
sensitivity_development,4,Random Forest,b1_c17,1,857,920.4493198420431
sensitivity_development,4,Random Forest,b1_c26,1,870,902.8062525704269
sensitivity_development,4,Random Forest,b1_c27,1,842,913.8755108183782
sensitivity_development,4,Random Forest,b1_c32,1,731,670.4853550300751
sensitivity_development,4,Random Forest,b1_c33,1,757,670.4853550300751
sensitivity_development,4,XGBoost,b1_c16,1,862,939.0015869140625
sensitivity_development,4,XGBoost,b1_c17,1,857,904.9756469726562
sensitivity_development,4,XGBoost,b1_c26,1,870,901.2136840820312
sensitivity_development,4,XGBoost,b1_c27,1,842,960.2010498046875
sensitivity_development,4,XGBoost,b1_c32,1,731,648.5156860351562
sensitivity_development,4,XGBoost,b1_c33,1,757,648.5156860351562
sensitivity_development,5,Ridge,b1_c11,1,788,1043.3888362939947
sensitivity_development,5,Ridge,b1_c23,1,1014,987.0075486131534
sensitivity_development,5,Ridge,b1_c36,1,704,734.5728436671826
sensitivity_development,5,Ridge,b1_c37,1,648,736.6762343042338
sensitivity_development,5,Random Forest,b1_c11,1,788,981.1210972673704
sensitivity_development,5,Random Forest,b1_c23,1,1014,928.1685952315004
sensitivity_development,5,Random Forest,b1_c36,1,704,700.8253657788141
sensitivity_development,5,Random Forest,b1_c37,1,648,700.8253657788141
sensitivity_development,5,XGBoost,b1_c11,1,788,999.4890747070312
sensitivity_development,5,XGBoost,b1_c23,1,1014,962.7060546875
sensitivity_development,5,XGBoost,b1_c36,1,704,713.6077880859375
sensitivity_development,5,XGBoost,b1_c37,1,648,713.6077880859375
